{"version":"0.4","title":"Main Home Templates","type":"page","content":[{"id":"2bba1968","settings":{"background_background":"classic","background_color":"#000000A6","padding":{"unit":"px","top":"0","right":"0","bottom":"0","left":"0","isLinked":false},"margin":{"unit":"px","top":"0","right":0,"bottom":"-140","left":0,"isLinked":false},"margin_tablet":{"unit":"px","top":"0","right":0,"bottom":"0","left":0,"isLinked":false},"padding_tablet":{"unit":"px","top":"7","right":"10","bottom":"7","left":"10","isLinked":false},"layout":"full_width","background_color_b":"#000000","z_index":10,"_element_id":"menu-wrap"},"elements":[{"id":"2c441da1","settings":{"_column_size":100,"padding":{"unit":"px","top":"0","right":"0","bottom":"0","left":"0","isLinked":false},"margin":{"unit":"px","top":"0","right":"0","bottom":"0","left":"0","isLinked":false},"background_background":"classic","background_color":"#242A3A00","_element_id":"top-header-wrap"},"elements":[{"id":"2d415099","settings":{"structure":"20","background_background":"classic","background_color":"#242A3AE0","margin":{"unit":"px","top":"0","right":0,"bottom":"0","left":0,"isLinked":false},"padding":{"unit":"px","top":"10","right":"0","bottom":"10","left":"0","isLinked":false}},"elements":[{"id":"3c41f270","settings":{"_column_size":50,"_inline_size":66.579,"margin":{"unit":"px","top":"0","right":"0","bottom":"0","left":"0","isLinked":false},"padding":{"unit":"px","top":"0","right":"0","bottom":"0","left":"0","isLinked":false}},"elements":[{"id":"1914e4b6","settings":{"view":"inline","icon_list":[{"text":"Nepal Gov. Reg. No: 116524\/070\/071","icon":"icon icon-phone-call2","_id":"30c485f","link":{"url":"212695163","is_external":"","nofollow":"","custom_attributes":""},"selected_icon":{"value":"fasicon icon-phone-call2","library":"fa-solid"},"__fa4_migrated":{"selected_icon":true}},{"text":"Tourism Reg. No: 1644\/070","icon":"icon icon-email1","_id":"cb334fc","selected_icon":{"value":"fasicon icon-email1","library":"fa-solid"},"__fa4_migrated":{"selected_icon":true}},{"text":"TAAN Reg No. 0668","icon":"icon icon-map-marker","_id":"4c29b96","selected_icon":{"value":"fasicon icon-map-marker","library":"fa-solid"},"__fa4_migrated":{"selected_icon":true}}],"space_between":{"unit":"px","size":10,"sizes":[]},"space_between_tablet":{"unit":"px","size":9,"sizes":[]},"icon_color":"#273171","text_color":"#FFFFFF","_margin":{"unit":"px","top":"0","right":"0","bottom":"0","left":"0","isLinked":false},"_border_border":"solid","_border_width":{"unit":"px","top":"0","right":"1","bottom":"0","left":"0","isLinked":false},"_element_id":"top-header-info"},"elements":[],"isInner":false,"widgetType":"icon-list","elType":"widget"}],"isInner":true,"elType":"column"},{"id":"7c9a9786","settings":{"_column_size":50,"_inline_size":33.073,"margin":{"unit":"px","top":"0","right":"0","bottom":"0","left":"0","isLinked":false},"padding":{"unit":"px","top":"0","right":"0","bottom":"0","left":"0","isLinked":false}},"elements":[{"id":"1c350976","settings":{"view":"inline","icon_list":[{"text":"Phone: +977 1 4420444","icon":"icon icon-phone-call2","_id":"30c485f","link":{"url":"212695163","is_external":"","nofollow":"","custom_attributes":""},"selected_icon":{"value":"fasicon icon-phone-call2","library":"fa-solid"},"__fa4_migrated":{"selected_icon":true}},{"text":"Cell: +977 9851052042","icon":"icon icon-email1","_id":"cb334fc","selected_icon":{"value":"fasicon icon-email1","library":"fa-solid"},"__fa4_migrated":{"selected_icon":true}}],"space_between":{"unit":"px","size":10,"sizes":[]},"space_between_tablet":{"unit":"px","size":9,"sizes":[]},"icon_color":"#273171","text_color":"#FFFFFF","_margin":{"unit":"px","top":"0","right":"0","bottom":"0","left":"0","isLinked":false},"_border_width":{"unit":"px","top":"0","right":"1","bottom":"0","left":"0","isLinked":false}},"elements":[],"isInner":false,"widgetType":"icon-list","elType":"widget"}],"isInner":true,"elType":"column"}],"isInner":true,"elType":"section"},{"id":"6162175e","settings":{"structure":"40","margin":{"unit":"px","top":"0","right":0,"bottom":"0","left":0,"isLinked":false},"padding":{"unit":"px","top":"0","right":"0","bottom":"0","left":"0","isLinked":false},"background_background":"classic","background_color":"#00000000","padding_tablet":{"unit":"px","top":"0","right":"10","bottom":"0","left":"10","isLinked":false},"layout":"full_width","text_align":"center"},"elements":[{"id":"9ced6cc","settings":{"_column_size":25,"_inline_size":19.7,"content_position":"center","margin":{"unit":"px","top":"0","right":"0","bottom":"0","left":"0","isLinked":false},"padding":{"unit":"px","top":"0","right":"0","bottom":"0","left":"0","isLinked":false},"_inline_size_tablet":50,"_inline_size_mobile":70,"background_background":"classic","background_position":"center center","background_repeat":"no-repeat","_element_id":"top-logo"},"elements":[{"id":"68ed7e9d","settings":{"image":{"url":"http:\/\/localhost\/traveller\/wp-content\/uploads\/2021\/02\/Logo.png","id":199}},"elements":[],"isInner":false,"widgetType":"image","elType":"widget"}],"isInner":true,"elType":"column"},{"id":"4812be0b","settings":{"_column_size":25,"_inline_size":60.423,"margin":{"unit":"px","top":"0","right":"0","bottom":"0","left":"0","isLinked":false},"padding":{"unit":"px","top":"0","right":"0","bottom":"0","left":"0","isLinked":false},"_inline_size_tablet":10,"_inline_size_mobile":15,"content_position":"center"},"elements":[{"id":"6629997f","settings":{"elementskit_submenu_container_width":"220px","elementskit_nav_menu":"main-header","elementskit_menu_text_color":"#FFFBFB","elementskit_content_typography_typography":"custom","elementskit_content_typography_font_family":"Roboto","elementskit_content_typography_font_size":{"unit":"px","size":14,"sizes":[]},"elementskit_content_typography_font_weight":"600"},"elements":[],"isInner":false,"widgetType":"ekit-nav-menu","elType":"widget"}],"isInner":true,"elType":"column"},{"id":"5b6c8d76","settings":{"_column_size":25,"_inline_size":5.995,"content_position":"center","border_width":{"unit":"px","top":"0","right":"0","bottom":"0","left":"0","isLinked":true},"border_color":"#666666","border_radius":{"unit":"px","top":"0","right":"0","bottom":"0","left":"0","isLinked":true},"text_align":"right","_inline_size_tablet":10,"_inline_size_mobile":15},"elements":[],"isInner":true,"elType":"column"},{"id":"226a2af6","settings":{"_column_size":25,"_inline_size":13.882,"content_position":"center","margin":{"unit":"px","top":"0","right":"0","bottom":"0","left":"0","isLinked":false},"padding":{"unit":"px","top":"0","right":"0","bottom":"0","left":"0","isLinked":false},"_inline_size_tablet":30},"elements":[],"isInner":true,"elType":"column"}],"isInner":true,"elType":"section"}],"isInner":false,"elType":"column"}],"isInner":false,"elType":"section"},{"id":"bb3ce8a","settings":{"background_background":"classic","background_image":{"id":266,"url":"http:\/\/localhost\/traveller\/wp-content\/uploads\/2021\/02\/banner-bg-scaled.jpg"},"layout":"full_width","background_repeat":"no-repeat","background_size":"cover","padding":{"unit":"px","top":"280","right":"0","bottom":"325","left":"0","isLinked":false},"background_position_tablet":"center center","padding_tablet":{"unit":"px","top":"180","right":"0","bottom":"205","left":"0","isLinked":false},"background_overlay_image":{"url":"http:\/\/localhost\/traveller\/wp-content\/uploads\/2021\/02\/simon-english-700793-unsplash.png","id":265},"height":"full","background_position":"bottom center","background_overlay_background":"classic","background_overlay_position":"center center","background_overlay_repeat":"no-repeat","background_overlay_size":"cover","background_overlay_opacity":{"unit":"px","size":0.21,"sizes":[]}},"elements":[{"id":"72a773a1","settings":{"_column_size":100,"padding":{"unit":"px","top":"0","right":"0","bottom":"0","left":"0","isLinked":true},"_element_id":"banner-title"},"elements":[{"id":"15b79256","settings":{"structure":"20","margin":{"unit":"%","top":"0","right":0,"bottom":"0","left":0,"isLinked":false},"layout":"full_width","padding":{"unit":"%","top":"0","right":"0","bottom":"0","left":"17","isLinked":false}},"elements":[{"id":"41955683","settings":{"_column_size":50,"_inline_size":41.108,"space_between_widgets":15,"padding":{"unit":"px","top":"15","right":"15","bottom":"15","left":"15","isLinked":true},"_inline_size_tablet":70,"margin":{"unit":"%","top":"0","right":"0","bottom":"0","left":"0","isLinked":false},"_element_id":"banner-title","animation":"tada"},"elements":[{"id":"71b74c5a","settings":{"title":"Your Adventure Travel Expert in Nepal","title_color":"#FFFFFF","typography_typography":"custom","typography_font_family":"Playfair Display","typography_font_size":{"unit":"px","size":70,"sizes":[]},"typography_font_weight":"600","typography_line_height":{"unit":"px","size":"","sizes":[]},"_margin":{"unit":"px","top":"0","right":"0","bottom":"30","left":"0","isLinked":false}},"elements":[],"isInner":false,"widgetType":"heading","elType":"widget"},{"id":"31f7778","settings":{"ekit_btn_text":"Get Started","ekit_btn_align":"left","ekit_btn_text_padding":{"unit":"px","top":"21","right":"36","bottom":"21","left":"36","isLinked":false},"ekit_btn_text_color":"#ffffff","ekit_btn_bg_color_background":"classic","ekit_btn_bg_color_color":"#0089C9","ekit_btn_bg_hover_color_background":"classic","ekit_btn_bg_hover_color_color":"#b7968d","ekit_btn_border_dimensions":{"unit":"px","top":"1","right":"1","bottom":"1","left":"1","isLinked":true},"ekit_btn_border_radius":{"unit":"px","top":"0","right":"0","bottom":"0","left":"0","isLinked":true},"ekit_btn_typography_font_size":{"unit":"px","size":16,"sizes":[]},"ekit_btn_typography_line_height":{"unit":"px","size":"","sizes":[]},"ekit_btn_typography_typography":"custom","ekit_btn_typography_font_family":"Nunito Sans","ekit_btn_typography_font_weight":"500","ekit_btn_typography_text_transform":"capitalize","ekit_btn_hover_border_color":"#b7968d","ekit_btn_shadow_text_shadow_type":"yes"},"elements":[],"isInner":false,"widgetType":"elementskit-button","elType":"widget"}],"isInner":true,"elType":"column"},{"id":"29c752ef","settings":{"_column_size":50,"_inline_size":58.892,"padding":{"unit":"px","top":"15","right":"15","bottom":"15","left":"15","isLinked":true}},"elements":[],"isInner":true,"elType":"column"}],"isInner":true,"elType":"section"}],"isInner":false,"elType":"column"}],"isInner":false,"elType":"section"},{"id":"2cc2b94d","settings":{"structure":"20","layout":"full_width","margin":{"unit":"px","top":"0","right":0,"bottom":"0","left":0,"isLinked":false},"_element_id":"home-slide","background_background":"classic","background_color":"#F7F6F0","padding":{"unit":"px","top":"90","right":"0","bottom":"90","left":"0","isLinked":false}},"elements":[{"id":"68653e82","settings":{"_column_size":50,"_inline_size":34,"content_position":"center","space_between_widgets":11,"html_tag":"div","_element_id":"slider-text","margin":{"unit":"%","top":"0","right":"0","bottom":"0","left":"40","isLinked":false},"animation":"fadeInLeft"},"elements":[{"id":"106026d5","settings":{"editor":"<p><strong>OUR SPECIAL<\/strong><\/p>","align":"left","text_color":"#157EB0","typography_typography":"custom","typography_font_family":"Nunito Sans","typography_font_size":{"unit":"px","size":18,"sizes":[]},"typography_font_weight":"700"},"elements":[],"isInner":false,"widgetType":"text-editor","elType":"widget"},{"id":"4ba4fe96","settings":{"title":"Off  the Beaten Tours","title_color":"#262828","typography_typography":"custom","typography_font_family":"Playfair Display","typography_font_size":{"unit":"px","size":40,"sizes":[]},"typography_font_weight":"700","typography_line_height":{"unit":"px","size":50,"sizes":[]},"_padding":{"unit":"px","top":"0","right":"0","bottom":"7","left":"0","isLinked":false}},"elements":[],"isInner":false,"widgetType":"heading","elType":"widget"},{"id":"37968426","settings":{"editor":"Discover the different sides of the city and see what NEST has to offer.","typography_typography":"custom","typography_font_family":"Nunito Sans","typography_font_size":{"unit":"px","size":18,"sizes":[]},"typography_font_weight":"400"},"elements":[],"isInner":false,"widgetType":"text-editor","elType":"widget"}],"isInner":false,"elType":"column"},{"id":"4b2f85b9","settings":{"_column_size":50,"_inline_size":66,"_element_id":"slider-section","margin":{"unit":"px","top":"0","right":"0","bottom":"0","left":"0","isLinked":false},"animation":"lightSpeedIn"},"elements":[{"id":"1a72fca3","settings":{"carousel":[{"id":293,"url":"http:\/\/localhost\/traveller\/wp-content\/uploads\/2021\/02\/image1.jpg"},{"id":294,"url":"http:\/\/localhost\/traveller\/wp-content\/uploads\/2021\/02\/image2.jpg"},{"id":295,"url":"http:\/\/localhost\/traveller\/wp-content\/uploads\/2021\/02\/image3.jpg"},{"id":296,"url":"http:\/\/localhost\/traveller\/wp-content\/uploads\/2021\/02\/image4-scaled.jpg"},{"id":297,"url":"http:\/\/localhost\/traveller\/wp-content\/uploads\/2021\/02\/image1-1.jpg"},{"id":298,"url":"http:\/\/localhost\/traveller\/wp-content\/uploads\/2021\/02\/image2-1.jpg"},{"id":299,"url":"http:\/\/localhost\/traveller\/wp-content\/uploads\/2021\/02\/image3-1.jpg"},{"id":300,"url":"http:\/\/localhost\/traveller\/wp-content\/uploads\/2021\/02\/image4-1-scaled.jpg"}],"slides_to_show":"4","navigation":"arrows","caption_type":"caption","thumbnail_size":"custom","thumbnail_custom_dimension":{"width":"320","height":"406"},"arrows_size":{"unit":"px","size":22,"sizes":[]},"arrows_color":"#0089C9","image_spacing_custom":{"unit":"px","size":0,"sizes":[]}},"elements":[],"isInner":false,"widgetType":"image-carousel","elType":"widget"},{"id":"3eea3298","settings":{"text":"View All Tours","typography_typography":"custom","typography_font_family":"Nunito Sans","typography_font_weight":"600","button_text_color":"#000000","background_color":"#61CE7000","border_border":"solid","border_width":{"unit":"px","top":"1","right":"1","bottom":"1","left":"1","isLinked":false},"border_radius":{"unit":"px","top":"0","right":"0","bottom":"0","left":"0","isLinked":false},"hover_color":"#FFFFFF","button_background_hover_color":"#000000","hover_animation":"buzz","_padding":{"unit":"px","top":"6","right":"0","bottom":"0","left":"10","isLinked":false},"_element_id":"tour-btn"},"elements":[],"isInner":false,"widgetType":"button","elType":"widget"}],"isInner":false,"elType":"column"}],"isInner":false,"elType":"section"},{"id":"4da77620","settings":{"structure":"20","background_background":"classic","background_image":{"url":"http:\/\/localhost\/traveller\/wp-content\/uploads\/2021\/02\/bg-top.jpg","id":425},"content_width":{"unit":"px","size":1432,"sizes":[]},"background_position":"top center","background_repeat":"no-repeat","background_size":"cover"},"elements":[{"id":"6868b62f","settings":{"_column_size":50,"_inline_size":null},"elements":[{"id":"3189514c","settings":{"image":{"url":"http:\/\/localhost\/traveller\/wp-content\/uploads\/2021\/02\/adventure1.jpg","id":432},"_element_id":"traveller1","_animation":"rollIn"},"elements":[],"isInner":false,"widgetType":"image","elType":"widget"},{"id":"389956a5","settings":{"image":{"url":"http:\/\/localhost\/traveller\/wp-content\/uploads\/2021\/02\/adventure2.jpg","id":433},"_element_id":"traveller2","_animation":"bounceInLeft"},"elements":[],"isInner":false,"widgetType":"image","elType":"widget"},{"id":"347f4daa","settings":{"image":{"url":"http:\/\/localhost\/traveller\/wp-content\/uploads\/2021\/02\/adventure3.jpg","id":437},"_element_id":"traveller3","_animation":"bounceInRight"},"elements":[],"isInner":false,"widgetType":"image","elType":"widget"}],"isInner":false,"elType":"column"},{"id":"76541cf2","settings":{"_column_size":50,"_inline_size":null,"content_position":"center","space_between_widgets":11,"html_tag":"div","margin":{"unit":"%","top":"44.5","right":"0","bottom":"0","left":"0","isLinked":false},"_element_id":"adventure-text-wrap"},"elements":[{"id":"5da55a34","settings":{"editor":"20 YEARS OF ADVENTURE","align":"left","text_color":"#157EB0","typography_typography":"custom","typography_font_family":"Nunito Sans","typography_font_size":{"unit":"px","size":18,"sizes":[]},"typography_font_weight":"700","_animation":"zoomIn","_animation_delay":1000},"elements":[],"isInner":false,"widgetType":"text-editor","elType":"widget"},{"id":"79e2e8ad","settings":{"title":"Welcome to NEST Adventure","title_color":"#242A3A","typography_typography":"custom","typography_font_family":"Playfair Display","typography_font_size":{"unit":"px","size":40,"sizes":[]},"typography_font_weight":"700","typography_line_height":{"unit":"px","size":50,"sizes":[]},"_padding":{"unit":"px","top":"0","right":"0","bottom":"7","left":"0","isLinked":false},"_animation":"rollIn"},"elements":[],"isInner":false,"widgetType":"heading","elType":"widget"},{"id":"2bef656e","settings":{"editor":"For several travelers, the ultimate goal is to find that oasis that has not been touched by modernization.  Nepal has always been the shangri-la, not only for those who want to experience trekking in its most natural setting, but also glimpse the beautiful culture this country has to offer.  From simple sightseeing tours to see hundred years old temples and walk along the buzzling street of Thamel in Kathmandu, or head to your once in a lifetime adventure and feel the Himalayas on your feet. Trekking in Nepal is a dream for all mountain enthusiasts.  Nepal has always been known to be a haven for backpackers, travelers and tourists, alike!","typography_typography":"custom","typography_font_family":"Nunito Sans","typography_font_size":{"unit":"px","size":18,"sizes":[]},"typography_font_weight":"400","text_color":"#474747","_margin":{"unit":"px","top":"0","right":"0","bottom":"19","left":"0","isLinked":false},"_animation":"wobble","_animation_delay":700},"elements":[],"isInner":false,"widgetType":"text-editor","elType":"widget"},{"id":"2b98e767","settings":{"text":"Know More About Us","typography_typography":"custom","typography_font_family":"Nunito Sans","typography_font_weight":"600","button_text_color":"#000000","background_color":"#61CE7000","border_border":"solid","border_width":{"unit":"px","top":"1","right":"1","bottom":"1","left":"1","isLinked":false},"border_radius":{"unit":"px","top":"0","right":"0","bottom":"0","left":"0","isLinked":false},"hover_color":"#FFFFFF","button_background_hover_color":"#000000","hover_animation":"buzz-out","_animation":"tada"},"elements":[],"isInner":false,"widgetType":"button","elType":"widget"}],"isInner":false,"elType":"column"}],"isInner":false,"elType":"section"},{"id":"36384932","settings":{"margin":{"unit":"px","top":"130","right":0,"bottom":"0","left":0,"isLinked":false},"_element_id":"panning-section"},"elements":[{"id":"521bdf41","settings":{"_column_size":100,"_inline_size":null},"elements":[{"id":"6770676c","settings":{"editor":"START PLANNING YOUR","align":"center","text_color":"#157EB0","typography_typography":"custom","typography_font_family":"Nunito Sans","typography_font_size":{"unit":"px","size":18,"sizes":[]},"typography_font_weight":"700","_animation":"fadeInDown"},"elements":[],"isInner":false,"widgetType":"text-editor","elType":"widget"},{"id":"2fd6ad03","settings":{"title":"NEST 's Best Pick","title_color":"#242A3A","typography_typography":"custom","typography_font_family":"Playfair Display","typography_font_size":{"unit":"px","size":40,"sizes":[]},"typography_font_weight":"700","typography_line_height":{"unit":"px","size":50,"sizes":[]},"_padding":{"unit":"px","top":"0","right":"0","bottom":"7","left":"0","isLinked":false},"align":"center","_animation":"bounceInRight"},"elements":[],"isInner":false,"widgetType":"heading","elType":"widget"}],"isInner":false,"elType":"column"}],"isInner":false,"elType":"section"},{"id":"a689581","settings":{"structure":"30","margin":{"unit":"px","top":"0","right":0,"bottom":"0","left":0,"isLinked":false},"_element_id":"treking-wrap","animation":"swing"},"elements":[{"id":"4198050a","settings":{"_column_size":33,"_inline_size":null},"elements":[{"id":"3ee7ba14","settings":{"image":{"url":"http:\/\/localhost\/traveller\/wp-content\/uploads\/2021\/02\/package1.jpg","id":485},"image_size":"custom","image_custom_dimension":{"width":"386","height":"471"}},"elements":[],"isInner":false,"widgetType":"image","elType":"widget"},{"id":"459bbf2f","settings":{"editor":"<p>Everest Base Camp Trek<\/p>","text_color":"#000000","_element_id":"package-title"},"elements":[],"isInner":false,"widgetType":"text-editor","elType":"widget"},{"id":"41077f0c","settings":{"view":"inline","icon_list":[{"text":"Nepal","selected_icon":{"value":"icon icon-map-marker","library":"ekiticons"},"_id":"fadec1b"},{"text":"14 Days","selected_icon":{"value":"far fa-clock","library":"fa-regular"},"_id":"8d55d9f"},{"text":"Form: $26,990","selected_icon":{"value":"fas fa-dollar-sign","library":"fa-solid"},"_id":"299e7d0"}],"icon_color":"#0089C9","text_color":"#000000","icon_typography_typography":"custom","icon_typography_font_family":"Nunito Sans","icon_typography_font_size":{"unit":"px","size":18,"sizes":[]},"icon_typography_font_weight":"400","_element_id":"package-list","icon_size":{"unit":"px","size":15,"sizes":[]},"_margin":{"unit":"px","top":"0","right":"0","bottom":"0","left":"0","isLinked":false},"_padding":{"unit":"px","top":"0","right":"0","bottom":"10","left":"0","isLinked":false},"_border_border":"solid","_border_width":{"unit":"px","top":"0","right":"0","bottom":"1","left":"0","isLinked":false},"_border_color":"#EAEAEA"},"elements":[],"isInner":false,"widgetType":"icon-list","elType":"widget"}],"isInner":false,"elType":"column"},{"id":"57ca35d1","settings":{"_column_size":33,"_inline_size":null},"elements":[{"id":"6494269b","settings":{"image":{"url":"http:\/\/localhost\/traveller\/wp-content\/uploads\/2021\/02\/traveller2-1.jpg","id":491},"image_size":"custom","image_custom_dimension":{"width":"386","height":"471"}},"elements":[],"isInner":false,"widgetType":"image","elType":"widget"},{"id":"ee41da8","settings":{"editor":"<p>Everest View Trek<\/p>","text_color":"#000000","_element_id":"package-title"},"elements":[],"isInner":false,"widgetType":"text-editor","elType":"widget"},{"id":"5aef0a88","settings":{"view":"inline","icon_list":[{"text":"Nepal","selected_icon":{"value":"icon icon-map-marker","library":"ekiticons"},"_id":"fadec1b"},{"text":"14 Days","selected_icon":{"value":"far fa-clock","library":"fa-regular"},"_id":"8d55d9f"},{"text":"Form: $26,990","selected_icon":{"value":"fas fa-dollar-sign","library":"fa-solid"},"_id":"299e7d0"}],"icon_color":"#0089C9","text_color":"#000000","icon_typography_typography":"custom","icon_typography_font_family":"Nunito Sans","icon_typography_font_size":{"unit":"px","size":18,"sizes":[]},"icon_typography_font_weight":"400","_element_id":"package-list","_padding":{"unit":"px","top":"0","right":"0","bottom":"10","left":"0","isLinked":false},"_border_border":"solid","_border_width":{"unit":"px","top":"0","right":"0","bottom":"1","left":"0","isLinked":false},"_border_color":"#EAEAEA"},"elements":[],"isInner":false,"widgetType":"icon-list","elType":"widget"}],"isInner":false,"elType":"column"},{"id":"5600fdaa","settings":{"_column_size":33,"_inline_size":null},"elements":[{"id":"34c82410","settings":{"image":{"url":"http:\/\/localhost\/traveller\/wp-content\/uploads\/2021\/02\/traveller1-1.jpg","id":490},"image_size":"custom","image_custom_dimension":{"width":"386","height":"471"}},"elements":[],"isInner":false,"widgetType":"image","elType":"widget"},{"id":"3cb07fc1","settings":{"editor":"Everest Three Pass Trek","text_color":"#000000","_element_id":"package-title"},"elements":[],"isInner":false,"widgetType":"text-editor","elType":"widget"},{"id":"404dc7c9","settings":{"view":"inline","icon_list":[{"text":"Nepal","selected_icon":{"value":"icon icon-map-marker","library":"ekiticons"},"_id":"fadec1b"},{"text":"14 Days","selected_icon":{"value":"far fa-clock","library":"fa-regular"},"_id":"8d55d9f"},{"text":"Form: $26,990","selected_icon":{"value":"fas fa-dollar-sign","library":"fa-solid"},"_id":"299e7d0"}],"link_click":"inline","icon_align":"left","icon_color":"#0089C9","text_color":"#000000","icon_typography_typography":"custom","icon_typography_font_family":"Nunito Sans","icon_typography_font_size":{"unit":"px","size":18,"sizes":[]},"icon_typography_font_weight":"400","_element_id":"package-list","_padding":{"unit":"px","top":"0","right":"0","bottom":"10","left":"0","isLinked":false},"_border_border":"solid","_border_width":{"unit":"px","top":"0","right":"0","bottom":"1","left":"0","isLinked":false},"_border_color":"#EAEAEA"},"elements":[],"isInner":false,"widgetType":"icon-list","elType":"widget"}],"isInner":false,"elType":"column"}],"isInner":false,"elType":"section"},{"id":"43912d1c","settings":{"margin":{"unit":"px","top":"40","right":0,"bottom":"110","left":0,"isLinked":false}},"elements":[{"id":"33c33c49","settings":{"_column_size":100,"_inline_size":null,"text_align":"center"},"elements":[{"id":"61759a77","settings":{"text":"View All Tours","typography_typography":"custom","typography_font_family":"Nunito Sans","typography_font_weight":"600","button_text_color":"#000000","background_color":"#61CE7000","border_border":"solid","border_width":{"unit":"px","top":"1","right":"1","bottom":"1","left":"1","isLinked":false},"border_radius":{"unit":"px","top":"0","right":"0","bottom":"0","left":"0","isLinked":false},"hover_color":"#FFFFFF","button_background_hover_color":"#000000","hover_animation":"buzz-out"},"elements":[],"isInner":false,"widgetType":"button","elType":"widget"}],"isInner":false,"elType":"column"}],"isInner":false,"elType":"section"},{"id":"378b8bbd","settings":{"content_width":{"unit":"px","size":1147,"sizes":[]},"structure":"20","background_background":"classic","background_color":"#FAF9F6","background_position":"center right","background_repeat":"no-repeat","margin":{"unit":"px","top":"0","right":0,"bottom":"0","left":0,"isLinked":true},"padding":{"unit":"px","top":"0","right":"0","bottom":"70","left":"0","isLinked":false},"_element_id":"fetured-section"},"elements":[{"id":"6e7bc666","settings":{"_column_size":50,"_inline_size":66.042,"background_background":"classic","background_overlay_background":"classic","background_overlay_position":"center center","background_overlay_opacity":{"unit":"px","size":1,"sizes":[]}},"elements":[{"id":"1b74dedf","settings":{"image":{"url":"http:\/\/localhost\/traveller\/wp-content\/uploads\/2021\/02\/route-bg.jpg","id":534},"image_size":"custom","image_custom_dimension":{"width":"827","height":"541"},"_element_id":"trip-image-bg"},"elements":[],"isInner":false,"widgetType":"image","elType":"widget"}],"isInner":false,"elType":"column"},{"id":"6975a6ef","settings":{"_column_size":50,"_inline_size":33.784,"content_position":"center","space_between_widgets":11,"html_tag":"div","margin":{"unit":"%","top":"10","right":"0","bottom":"0","left":"0","isLinked":false},"_element_id":"destination-section","animation":"bounceInUp"},"elements":[{"id":"3f392590","settings":{"editor":"<p>FEATURED TRIP OF THE MONTH<\/p>","align":"left","text_color":"#157EB0","typography_typography":"custom","typography_font_family":"Nunito Sans","typography_font_size":{"unit":"px","size":18,"sizes":[]},"typography_font_weight":"700","_margin":{"unit":"px","top":"0","right":"0","bottom":"-15","left":"75","isLinked":false},"_element_id":"trip-title","_border_width":{"unit":"px","top":"0","right":"0","bottom":"0","left":"0","isLinked":false},"_border_radius":{"unit":"px","top":"0","right":"0","bottom":"0","left":"2","isLinked":false}},"elements":[],"isInner":false,"widgetType":"text-editor","elType":"widget"},{"id":"941917c","settings":{"title":"Langtang Valley Trek \u2013 12 Days","title_color":"#242A3A","typography_typography":"custom","typography_font_family":"Playfair Display","typography_font_size":{"unit":"px","size":50,"sizes":[]},"typography_font_weight":"700","typography_line_height":{"unit":"px","size":60,"sizes":[]},"_padding":{"unit":"px","top":"0","right":"60","bottom":"7","left":"0","isLinked":false},"_margin":{"unit":"px","top":"-12","right":"0","bottom":"-12","left":"0","isLinked":false}},"elements":[],"isInner":false,"widgetType":"heading","elType":"widget"},{"id":"7f11534a","settings":{"editor":"<p>A trek to the Langtang valley has to be one of the most rewarding of the short treks available anywhere in Nepal. The east-west running\u2026<\/p>","typography_typography":"custom","typography_font_family":"Nunito Sans","typography_font_size":{"unit":"px","size":18,"sizes":[]},"typography_font_weight":"400","text_color":"#474747","_margin":{"unit":"px","top":"0","right":"0","bottom":"0","left":"0","isLinked":false},"_padding":{"unit":"px","top":"0","right":"0","bottom":"0","left":"86","isLinked":false}},"elements":[],"isInner":false,"widgetType":"text-editor","elType":"widget"},{"id":"703ba6eb","settings":{"editor":"<p>Strating From<\/p>","text_color":"#474747","typography_typography":"custom","typography_font_family":"Nunito Sans","typography_font_size":{"unit":"px","size":16,"sizes":[]},"typography_font_weight":"400","_margin":{"unit":"px","top":"0","right":"0","bottom":"-13","left":"0","isLinked":false},"_padding":{"unit":"px","top":"0","right":"0","bottom":"0","left":"90","isLinked":false}},"elements":[],"isInner":false,"widgetType":"text-editor","elType":"widget"},{"id":"1dadc2a3","settings":{"title":"$750","title_color":"#0089C9","typography_typography":"custom","typography_font_family":"Nunito Sans","typography_font_size":{"unit":"px","size":36,"sizes":[]},"typography_font_weight":"600","_margin":{"unit":"px","top":"0","right":"0","bottom":"19","left":"0","isLinked":false},"_padding":{"unit":"px","top":"0","right":"0","bottom":"0","left":"90","isLinked":false}},"elements":[],"isInner":false,"widgetType":"heading","elType":"widget"},{"id":"224214c4","settings":{"text":"Inquire Now","typography_typography":"custom","typography_font_family":"Nunito Sans","typography_font_weight":"400","button_text_color":"#FFFFFF","background_color":"#0089C9","border_border":"solid","border_width":{"unit":"px","top":"1","right":"1","bottom":"1","left":"1","isLinked":false},"border_radius":{"unit":"px","top":"0","right":"0","bottom":"0","left":"0","isLinked":false},"size":"md","typography_font_size":{"unit":"px","size":16,"sizes":[]},"text_padding":{"unit":"px","top":"20","right":"30","bottom":"20","left":"30","isLinked":false},"_margin":{"unit":"px","top":"0","right":"0","bottom":"19","left":"0","isLinked":false},"_padding":{"unit":"px","top":"0","right":"0","bottom":"0","left":"90","isLinked":false},"button_background_hover_color":"#000000","hover_animation":"wobble-skew"},"elements":[],"isInner":false,"widgetType":"button","elType":"widget"}],"isInner":false,"elType":"column"}],"isInner":false,"elType":"section"},{"id":"353f2cd3","settings":{"background_background":"classic","background_image":{"url":"http:\/\/localhost\/traveller\/wp-content\/uploads\/2021\/02\/trip-details-bg.jpg","id":596},"background_position":"center center","background_repeat":"no-repeat","background_size":"cover","background_overlay_background":"classic","background_overlay_color":"#000000","background_overlay_position":"center center","background_overlay_repeat":"no-repeat","background_overlay_size":"cover","background_overlay_opacity":{"unit":"px","size":0.57,"sizes":[]},"margin":{"unit":"px","top":"0","right":0,"bottom":"0","left":0,"isLinked":false},"padding":{"unit":"px","top":"70","right":"0","bottom":"90","left":"0","isLinked":false},"animation":"pulse"},"elements":[{"id":"65d3450e","settings":{"_column_size":100,"_inline_size":null,"_element_id":"trip-details"},"elements":[{"id":"9777f02","settings":{"editor":"<p>FIXED DEPARTURE DATE<\/p>","align":"center","text_color":"#8AB61E","typography_typography":"custom","typography_font_family":"Nunito Sans","typography_font_weight":"700","_margin":{"unit":"px","top":"0","right":"0","bottom":"-14","left":"0","isLinked":false},"_animation":"bounceInLeft"},"elements":[],"isInner":false,"widgetType":"text-editor","elType":"widget"},{"id":"58faab36","settings":{"title":"Our Last Minute Trips","align":"center","title_color":"#FFFFFF","_margin":{"unit":"px","top":"-2","right":"0","bottom":"35","left":"0","isLinked":false},"typography_typography":"custom","typography_font_family":"Playfair Display","typography_font_size":{"unit":"px","size":40,"sizes":[]},"typography_font_weight":"700","_element_id":"trip-title-wrap","_animation":"bounceInRight"},"elements":[],"isInner":false,"widgetType":"heading","elType":"widget"},{"id":"47d1e467","settings":{"eael_data_table_header_cols_data":[{"eael_data_table_header_col":"Departing","_id":"2ad12bf"},{"eael_data_table_header_col":"Trip Name","_id":"cbe3e4b"},{"eael_data_table_header_col":"Days","_id":"afe7989","eael_data_table_header_css_class":"padding-trip"},{"eael_data_table_header_col":"Price","_id":"10696ee","eael_data_table_header_css_class":"padding-trip2"},{"_id":"52d6f5a","eael_data_table_header_col":"Space Left","eael_data_table_header_css_class":"padding-trip3"},{"eael_data_table_header_col":"","eael_data_table_header_css_class":"padding-trip-btn","_id":"4fd6aa2"}],"eael_data_table_content_rows":[{"_id":"86c36e7","eael_data_table_content_row_colspan":5,"eael_data_table_content_row_title":"0218-02-25"},{"eael_data_table_content_row_type":"col","_id":"cd0d7ab","eael_data_table_content_row_title":"2018-02-25"},{"eael_data_table_content_row_type":"col","_id":"17256cb","eael_data_table_content_row_title":"Manasuli Trek"},{"eael_data_table_content_row_type":"col","_id":"0b63bda","eael_data_table_content_row_title":"10"},{"eael_data_table_content_row_type":"col","_id":"8f0dbd2","eael_data_table_content_row_title":"$750"},{"_id":"8a00f21","eael_data_table_content_row_type":"col","eael_data_table_content_row_title":"8"},{"_id":"f3aadff","eael_data_table_content_row_type":"col","eael_data_table_content_row_title":"<span class=\"trip-btn\">View Trip<\/span>"},{"eael_data_table_content_row_colspan":5,"eael_data_table_content_row_title":"0218-02-25","_id":"d8c72a0"},{"eael_data_table_content_row_type":"col","eael_data_table_content_row_title":"2018-02-25","_id":"f3f4282"},{"eael_data_table_content_row_type":"col","eael_data_table_content_row_title":"Manasuli Trek","_id":"869f4b5"},{"eael_data_table_content_row_type":"col","eael_data_table_content_row_title":"10","_id":"86b60de"},{"eael_data_table_content_row_type":"col","eael_data_table_content_row_title":"$750","_id":"ce48ed9"},{"eael_data_table_content_row_type":"col","eael_data_table_content_row_title":"8","_id":"f686eb7"},{"eael_data_table_content_row_type":"col","eael_data_table_content_row_title":"<span class=\"trip-btn\">View Trip<\/span>","_id":"ae982d2"},{"eael_data_table_content_row_colspan":5,"eael_data_table_content_row_title":"0218-02-25","_id":"1ca1bde"},{"eael_data_table_content_row_type":"col","eael_data_table_content_row_title":"2018-02-25","_id":"e85cb89"},{"eael_data_table_content_row_type":"col","eael_data_table_content_row_title":"Manasuli Trek","_id":"11974bc"},{"eael_data_table_content_row_type":"col","eael_data_table_content_row_title":"10","_id":"e9e5022"},{"eael_data_table_content_row_type":"col","eael_data_table_content_row_title":"$750","_id":"a6d196b"},{"eael_data_table_content_row_type":"col","eael_data_table_content_row_title":"8","_id":"0c50248"},{"eael_data_table_content_row_type":"col","eael_data_table_content_row_title":"<span class=\"trip-btn\">View Trip<\/span>","_id":"2dab890"}],"eael_section_data_table_header_radius":{"unit":"px","size":22,"sizes":[]},"eael_data_table_header_title_bg_color":"#4A489300","header_icon_size":{"unit":"px","size":1,"sizes":[]},"header_icon_space":{"unit":"px","size":1,"sizes":[]},"eael_data_table_content_color_odd":"#F9FAFC","eael_data_table_content_bg_odd":"#F2F2F200","eael_data_table_content_even_color":"#FFFFFF","eael_data_table_content_bg_even_color":"#02010100","eael_data_table_link_normal_text_color":"#FFFFFF","eael_data_table_header_title_typography_typography":"custom","eael_data_table_header_title_typography_font_size":{"unit":"px","size":18,"sizes":[]},"eael_data_table_content_typography_typography":"custom","eael_data_table_content_typography_font_size":{"unit":"px","size":18,"sizes":[]},"_border_border":"solid","_border_width":{"unit":"px","top":"0","right":"0","bottom":"0","left":"0","isLinked":false},"_animation":"bounceInUp"},"elements":[],"isInner":false,"widgetType":"eael-data-table","elType":"widget"}],"isInner":false,"elType":"column"}],"isInner":false,"elType":"section"},{"id":"7895bf79","settings":{"margin":{"unit":"px","top":"0","right":0,"bottom":"0","left":0,"isLinked":false},"padding":{"unit":"px","top":"80","right":"0","bottom":"0","left":"0","isLinked":false}},"elements":[{"id":"30a85c49","settings":{"_column_size":100,"_inline_size":null},"elements":[{"id":"615594f3","settings":{"editor":"<p>READ OUR<\/p>","align":"center","text_color":"#157EB0","typography_typography":"custom","typography_font_family":"Nunito Sans","typography_font_size":{"unit":"px","size":18,"sizes":[]},"typography_font_weight":"700","_margin":{"unit":"px","top":"0","right":"0","bottom":"-15","left":"0","isLinked":false},"_animation":"pulse"},"elements":[],"isInner":false,"widgetType":"text-editor","elType":"widget"},{"id":"7469521a","settings":{"title":"Latest Articles","title_color":"#242A3A","typography_typography":"custom","typography_font_family":"Playfair Display","typography_font_size":{"unit":"px","size":40,"sizes":[]},"typography_font_weight":"700","typography_line_height":{"unit":"px","size":50,"sizes":[]},"_padding":{"unit":"px","top":"0","right":"0","bottom":"40","left":"0","isLinked":false},"align":"center","_margin":{"unit":"px","top":"-6","right":"0","bottom":"0","left":"0","isLinked":false},"_animation":"rubberBand"},"elements":[],"isInner":false,"widgetType":"heading","elType":"widget"}],"isInner":false,"elType":"column"}],"isInner":false,"elType":"section"},{"id":"338f5d47","settings":{"margin":{"unit":"px","top":"0","right":0,"bottom":"70","left":0,"isLinked":false}},"elements":[{"id":"481465d5","settings":{"_column_size":100,"_inline_size":null},"elements":[{"id":"7e554e7d","settings":{"section_recent_post_limit":3,"icon_list":[{"_id":"017d739","link":"673"},{"_id":"738ae99","link":"667"},{"_id":"ebfc345","link":"664"}],"view":"inline","post_grid":"4","show_feature_image":"yes","show_bg_feature_image":"","show_feature_img_size_size":"full","show_post_meta":"yes","show_date_meta":"yes","date_meta__icons":{"value":"","library":""},"show_category_meta":"yes","category_meta__icons":{"value":"","library":""},"post_meta_position":"bottom_position","text_color":"#000000","icon_typography_typography":"custom","icon_typography_font_family":"Playfair Display","icon_typography_font_size":{"unit":"px","size":24,"sizes":[]},"icon_typography_font_weight":"400","feature_image_width":{"unit":"px","size":200,"sizes":[]},"ekit_post_list_meta_content_typography_typography":"custom","ekit_post_list_meta_content_typography_font_family":"Nunito Sans","ekit_post_list_meta_content_typography_font_size":{"unit":"px","size":14,"sizes":[]},"ekit_post_list_meta_content_typography_font_weight":"500","ekit_post_list_meta_content_typography_letter_spacing":{"unit":"px","size":1,"sizes":[]},"_element_id":"main-blog","ekit_post_list_meta_content_color":"#B8B8B8","_animation":"headShake"},"elements":[],"isInner":false,"widgetType":"elementskit-post-list","elType":"widget"}],"isInner":false,"elType":"column"}],"isInner":false,"elType":"section"},{"id":"232b01e8","settings":{"structure":"20","layout":"full_width","margin":{"unit":"px","top":"0","right":0,"bottom":"0","left":0,"isLinked":false},"background_background":"classic","background_color":"#F7F6F0","padding":{"unit":"px","top":"0","right":"0","bottom":"0","left":"0","isLinked":false},"hide_tablet":"hidden-tablet","hide_mobile":"hidden-phone"},"elements":[{"id":"613fe327","settings":{"_column_size":50,"_inline_size":34,"content_position":"center","space_between_widgets":11,"html_tag":"div","_element_id":"t-wrap-1","margin":{"unit":"%","top":"0","right":"0","bottom":"0","left":"0","isLinked":false},"background_background":"classic","background_color":"#8AB61E","padding":{"unit":"px","top":"0","right":"100","bottom":"0","left":"149","isLinked":false},"animation":"fadeInLeft"},"elements":[{"id":"287f3d6a","settings":{"editor":"<p>Testimonials<\/p>","align":"left","text_color":"#FFFFFF","typography_typography":"custom","typography_font_family":"Nunito Sans","typography_font_size":{"unit":"px","size":18,"sizes":[]},"typography_font_weight":"600","_margin":{"unit":"px","top":"-53","right":"0","bottom":"0","left":"0","isLinked":false}},"elements":[],"isInner":false,"widgetType":"text-editor","elType":"widget"},{"id":"2b069809","settings":{"title":"Our Customer Reviews","title_color":"#FFFFFF","typography_typography":"custom","typography_font_family":"Playfair Display","typography_font_size":{"unit":"px","size":40,"sizes":[]},"typography_font_weight":"700","typography_line_height":{"unit":"px","size":50,"sizes":[]},"_padding":{"unit":"px","top":"0","right":"0","bottom":"7","left":"0","isLinked":false},"_margin":{"unit":"px","top":"-30","right":"0","bottom":"0","left":"0","isLinked":false}},"elements":[],"isInner":false,"widgetType":"heading","elType":"widget"}],"isInner":false,"elType":"column"},{"id":"624ce13b","settings":{"_column_size":50,"_inline_size":66,"_element_id":"home-t-wrap","padding":{"unit":"px","top":"25","right":"0","bottom":"25","left":"0","isLinked":false},"animation":"lightSpeedIn"},"elements":[{"id":"76ac0e96","settings":{"ekit_testimonial_style":"style5","ekit_testimonial_wartermark_enable":"","ekit_testimonial_data":[{"client_name":"Chris Adams","_id":"4511da7","designation":"Cape Town Central, South Africa","review":"<h1>Manaslu circuit with group of 5<\/h2>\n\nThanks to NEST for organizing this wonderful trek and facilitating this amazing experience. NT our guide was excellent. He was always around to help and showed flexibility to ensure we where coping with every challenging day. He always had a joke on hand when things...","client_photo":{"url":"http:\/\/localhost\/traveller\/wp-content\/uploads\/2021\/03\/Author-Thumb.png","id":918}},{"client_name":"Andreea Nelson","designation":"Cape Town Central, South Africa","review":"<h1>Manaslu circuit with group of 5<\/h2>\n\nThanks to NEST for organizing this wonderful trek and facilitating this amazing experience. NT our guide was excellent. He was always around to help and showed flexibility to ensure we where coping with every challenging day. He always had a joke on hand when things...","client_photo":{"url":"http:\/\/localhost\/traveller\/wp-content\/uploads\/2021\/03\/pexels-photo-1546711.png","id":919},"_id":"25ba71b"},{"client_name":"Chris Adams","designation":"Cape Town Central, South Africa","review":"<h1>Manaslu circuit with group of 5<\/h2>\n\nThanks to NEST for organizing this wonderful trek and facilitating this amazing experience. NT our guide was excellent. He was always around to help and showed flexibility to ensure we where coping with every challenging day. He always had a joke on hand when things...","client_photo":{"url":"http:\/\/localhost\/traveller\/wp-content\/uploads\/2021\/03\/Author-Thumb.png","id":918},"_id":"59c63b5"}],"ekit_testimonial_slidetoshow":2,"ekit_testimonial_speed":9000,"ekit_testimonial_show_arrow":"yes","ekit_testimonial_left_arrows":{"value":"icon icon-left-arrow","library":"ekiticons"},"ekit_testimonial_right_arrows":{"value":"icon icon-right-arrow1","library":"ekiticons"},"ekit_testimonial_client_name_typography_typography":"custom","ekit_testimonial_client_name_typography_font_family":"Nunito Sans","ekit_testimonial_designation_normal_color":"#000000","ekit_testimonial_designation_typography_typography":"custom","ekit_testimonial_designation_typography_font_family":"Nunito Sans","_element_id":"home-testimonials"},"elements":[],"isInner":false,"widgetType":"elementskit-testimonial","elType":"widget"}],"isInner":false,"elType":"column"}],"isInner":false,"elType":"section"},{"id":"3e497426","settings":{"structure":"20","layout":"full_width","margin":{"unit":"px","top":"0","right":0,"bottom":"0","left":0,"isLinked":false},"_element_id":"mobile-testimonials","background_background":"classic","background_color":"#F7F6F0","padding":{"unit":"px","top":"0","right":"0","bottom":"0","left":"0","isLinked":false},"hide_desktop":"hidden-desktop"},"elements":[{"id":"4811799e","settings":{"_column_size":50,"_inline_size":34,"content_position":"center","space_between_widgets":11,"html_tag":"div","margin":{"unit":"%","top":"0","right":"0","bottom":"0","left":"0","isLinked":false},"background_background":"classic","background_color":"#8AB61E","padding":{"unit":"px","top":"0","right":"100","bottom":"0","left":"200","isLinked":false},"animation":"fadeInLeft"},"elements":[{"id":"5f5be0a5","settings":{"editor":"<p>Testimonials<\/p>","align":"left","text_color":"#FFFFFF","typography_typography":"custom","typography_font_family":"Nunito Sans","typography_font_size":{"unit":"px","size":18,"sizes":[]},"typography_font_weight":"600","_margin":{"unit":"px","top":"-53","right":"0","bottom":"0","left":"0","isLinked":false}},"elements":[],"isInner":false,"widgetType":"text-editor","elType":"widget"},{"id":"26fea25f","settings":{"title":"Our Customer Reviews","title_color":"#FFFFFF","typography_typography":"custom","typography_font_family":"Playfair Display","typography_font_size":{"unit":"px","size":40,"sizes":[]},"typography_font_weight":"700","typography_line_height":{"unit":"px","size":50,"sizes":[]},"_padding":{"unit":"px","top":"0","right":"0","bottom":"7","left":"0","isLinked":false},"_margin":{"unit":"px","top":"-30","right":"0","bottom":"0","left":"0","isLinked":false}},"elements":[],"isInner":false,"widgetType":"heading","elType":"widget"}],"isInner":false,"elType":"column"},{"id":"3a0458b","settings":{"_column_size":50,"_inline_size":66,"_element_id":"home-t-wrap","padding":{"unit":"px","top":"25","right":"0","bottom":"25","left":"0","isLinked":false},"animation":"lightSpeedIn"},"elements":[{"id":"43e92b86","settings":{"ekit_testimonial_style":"style5","ekit_testimonial_wartermark_enable":"","ekit_testimonial_data":[{"client_name":"Chris Adams","_id":"4511da7","designation":"Cape Town Central, South Africa","review":"<h1>Manaslu circuit with group of 5<\/h2>\n\nThanks to NEST for organizing this wonderful trek and facilitating this amazing experience. NT our guide was excellent. He was always around to help and showed flexibility to ensure we where coping with every challenging day. He always had a joke on hand when things...","client_photo":{"url":"http:\/\/localhost\/traveller\/wp-content\/uploads\/2021\/03\/Author-Thumb.png","id":918}},{"client_name":"Andreea Nelson","designation":"Cape Town Central, South Africa","review":"<h1>Manaslu circuit with group of 5<\/h2>\n\nThanks to NEST for organizing this wonderful trek and facilitating this amazing experience. NT our guide was excellent. He was always around to help and showed flexibility to ensure we where coping with every challenging day. He always had a joke on hand when things...","client_photo":{"url":"http:\/\/localhost\/traveller\/wp-content\/uploads\/2021\/03\/pexels-photo-1546711.png","id":919},"_id":"25ba71b"},{"client_name":"Chris Adams","designation":"Cape Town Central, South Africa","review":"<h1>Manaslu circuit with group of 5<\/h2>\n\nThanks to NEST for organizing this wonderful trek and facilitating this amazing experience. NT our guide was excellent. He was always around to help and showed flexibility to ensure we where coping with every challenging day. He always had a joke on hand when things...","client_photo":{"url":"http:\/\/localhost\/traveller\/wp-content\/uploads\/2021\/03\/Author-Thumb.png","id":918},"_id":"59c63b5"}],"ekit_testimonial_speed":9000,"ekit_testimonial_show_arrow":"yes","ekit_testimonial_left_arrows":{"value":"icon icon-left-arrow","library":"ekiticons"},"ekit_testimonial_right_arrows":{"value":"icon icon-right-arrow1","library":"ekiticons"},"ekit_testimonial_client_name_typography_typography":"custom","ekit_testimonial_client_name_typography_font_family":"Nunito Sans","ekit_testimonial_designation_normal_color":"#000000","ekit_testimonial_designation_typography_typography":"custom","ekit_testimonial_designation_typography_font_family":"Nunito Sans"},"elements":[],"isInner":false,"widgetType":"elementskit-testimonial","elType":"widget"}],"isInner":false,"elType":"column"}],"isInner":false,"elType":"section"},{"id":"3f0efbc5","settings":{"background_background":"classic","background_color":"#222222","margin":{"unit":"px","top":"","right":0,"bottom":"","left":0,"isLinked":true},"background_image":{"url":"http:\/\/localhost\/traveller\/wp-content\/uploads\/2021\/03\/footer-bg.jpg","id":793},"background_position":"top center","background_repeat":"no-repeat","background_size":"cover","background_overlay_background":"classic","background_overlay_color":"#FFFFFF","padding":{"unit":"px","top":"0","right":"0","bottom":"0","left":"0","isLinked":false}},"elements":[{"id":"4fc74070","settings":{"_column_size":100,"background_background":"classic","background_overlay_background":"classic","background_overlay_color":"#EDEDED","margin":{"unit":"px","top":"0","right":"0","bottom":"0","left":"0","isLinked":false},"padding":{"unit":"px","top":"0","right":"0","bottom":"0","left":"0","isLinked":false}},"elements":[{"id":"77b4fb09","settings":{"structure":"40","border_width":{"unit":"px","top":"0","right":"0","bottom":"1","left":"0","isLinked":false},"border_color":"#999999","padding":{"unit":"px","top":"68","right":"60","bottom":"30","left":"60","isLinked":false},"background_background":"classic","background_color":"#FFFFFFBD","background_overlay_background":"classic","background_overlay_color":"#FFFFFFE3"},"elements":[{"id":"4348cc14","settings":{"_column_size":25,"_inline_size":null,"background_background":"classic","background_color":"#FFFFFF00","background_overlay_background":"classic","background_overlay_color":"#FFFFFF00","margin":{"unit":"px","top":"0","right":"0","bottom":"0","left":"0","isLinked":false},"padding":{"unit":"px","top":"0","right":"0","bottom":"0","left":"0","isLinked":false}},"elements":[{"id":"64e6dace","settings":{"title":"Everest Region Trek","typography_typography":"custom","typography_font_family":"Nunito Sans","typography_font_size":{"unit":"px","size":18,"sizes":[]},"typography_font_weight":"600","title_color":"#0089C9","_margin":{"unit":"px","top":"0","right":"0","bottom":"0","left":"0","isLinked":false},"_padding":{"unit":"px","top":"0","right":"0","bottom":"10","left":"0","isLinked":false},"_border_border":"dotted","_border_width":{"unit":"px","top":"0","right":"0","bottom":"1","left":"0","isLinked":false},"_border_color":"#999999"},"elements":[],"isInner":false,"widgetType":"heading","elType":"widget"},{"id":"6d595df0","settings":{"icon_list":[{"_id":"439330a","text":"Jiri To Everest Base Camp Trek","link":"805"},{"_id":"b2cb6a5","text":"Everest Three Pass Trek","link":"809"},{"_id":"8785e23","text":"Everest Base Camp Trek","link":"809"},{"_id":"cd2a6e5","text":"Jiri To Everest Base Camp Trek","link":"805"},{"_id":"3d7c2a4","text":"Everest Three Pass Trek","link":"807"},{"_id":"b455ae9","text":"Everest Base Camp Trek","link":"809"}],"show_post_icon":"","text_color":"#2B2B2B","icon_typography_typography":"custom","icon_typography_font_family":"Nunito Sans","icon_typography_font_size":{"unit":"px","size":16,"sizes":[]},"icon_typography_font_weight":"400"},"elements":[],"isInner":false,"widgetType":"elementskit-post-list","elType":"widget"}],"isInner":true,"elType":"column"},{"id":"6c44b154","settings":{"_column_size":25,"_inline_size":null,"background_background":"classic","background_color":"#FFFFFF00","background_overlay_background":"classic","background_overlay_color":"#FFFFFF00","margin":{"unit":"px","top":"0","right":"0","bottom":"0","left":"0","isLinked":false},"padding":{"unit":"px","top":"0","right":"0","bottom":"0","left":"0","isLinked":false}},"elements":[{"id":"15861707","settings":{"title":"Annapurna Region Trek","typography_typography":"custom","typography_font_family":"Nunito Sans","typography_font_size":{"unit":"px","size":18,"sizes":[]},"typography_font_weight":"600","title_color":"#0089C9","_margin":{"unit":"px","top":"0","right":"0","bottom":"0","left":"0","isLinked":false},"_padding":{"unit":"px","top":"0","right":"0","bottom":"10","left":"0","isLinked":false},"_border_border":"dotted","_border_width":{"unit":"px","top":"0","right":"0","bottom":"1","left":"0","isLinked":false},"_border_color":"#999999"},"elements":[],"isInner":false,"widgetType":"heading","elType":"widget"},{"id":"497355ea","settings":{"icon_list":[{"_id":"439330a","text":"Poon Hill Trek","link":"809"},{"_id":"b2cb6a5","text":"Annapurna Circuit Trek","link":"809"},{"_id":"8785e23","text":"Annapurna Base Camp Trek","link":"809"},{"_id":"cd2a6e5","text":"Jiri To Everest Base Camp Trek","link":"805"},{"_id":"3d7c2a4","text":"Mardi Himal Trek","link":"807"},{"_id":"b455ae9","text":"Nar Phu Valley Trek","link":"809"},{"text":"Tilicho lake Trekking","link":"809","_id":"1b979c3"}],"show_post_icon":"","text_color":"#2B2B2B","icon_typography_typography":"custom","icon_typography_font_family":"Nunito Sans","icon_typography_font_size":{"unit":"px","size":16,"sizes":[]},"icon_typography_font_weight":"400"},"elements":[],"isInner":false,"widgetType":"elementskit-post-list","elType":"widget"}],"isInner":true,"elType":"column"},{"id":"6d6bcaef","settings":{"_column_size":25,"_inline_size":null,"background_background":"classic","background_color":"#FFFFFF00","background_overlay_background":"classic","background_overlay_color":"#FFFFFF00","margin":{"unit":"px","top":"0","right":"0","bottom":"0","left":"0","isLinked":false},"padding":{"unit":"px","top":"0","right":"0","bottom":"0","left":"0","isLinked":false}},"elements":[{"id":"2027d2d4","settings":{"title":"Langtang Region Trek","typography_typography":"custom","typography_font_family":"Nunito Sans","typography_font_size":{"unit":"px","size":18,"sizes":[]},"typography_font_weight":"600","title_color":"#0089C9","_margin":{"unit":"px","top":"0","right":"0","bottom":"0","left":"0","isLinked":false},"_padding":{"unit":"px","top":"0","right":"0","bottom":"10","left":"0","isLinked":false},"_border_border":"dotted","_border_width":{"unit":"px","top":"0","right":"0","bottom":"1","left":"0","isLinked":false},"_border_color":"#999999"},"elements":[],"isInner":false,"widgetType":"heading","elType":"widget"},{"id":"3bcb4414","settings":{"icon_list":[{"_id":"439330a","text":"Langtang Valley Trekking","link":"805"},{"_id":"b2cb6a5","text":"Langtang Gosaikunda Trekking","link":"809"},{"_id":"8785e23","text":"Langtang Ganja la Pass Trekking","link":"809"},{"_id":"cd2a6e5","text":"Helambu Treks","link":"805"},{"_id":"3d7c2a4","text":"Langtang Valley Trekking","link":"807"}],"show_post_icon":"","text_color":"#2B2B2B","icon_typography_typography":"custom","icon_typography_font_family":"Nunito Sans","icon_typography_font_size":{"unit":"px","size":16,"sizes":[]},"icon_typography_font_weight":"400"},"elements":[],"isInner":false,"widgetType":"elementskit-post-list","elType":"widget"}],"isInner":true,"elType":"column"},{"id":"1b56b469","settings":{"_column_size":25,"_inline_size":null,"padding":{"unit":"px","top":"0","right":"10","bottom":"0","left":"10","isLinked":false},"_inline_size_tablet":50,"padding_tablet":{"unit":"px","top":"50","right":"30","bottom":"0","left":"30","isLinked":false},"padding_mobile":{"unit":"px","top":"50","right":"0","bottom":"0","left":"0","isLinked":false},"css_classes":"footer-form"},"elements":[{"id":"32bb87ac","settings":{"title":"Signup to our Newsletter","title_color":"#0089C9","typography_typography":"custom","typography_font_family":"Nunito Sans","typography_font_size":{"unit":"px","size":18,"sizes":[]},"typography_font_weight":"600","_margin":{"unit":"px","top":"0","right":"0","bottom":"0","left":"0","isLinked":false},"_padding":{"unit":"px","top":"0","right":"0","bottom":"10","left":"0","isLinked":false},"_border_border":"dotted","_border_width":{"unit":"px","top":"0","right":"0","bottom":"1","left":"0","isLinked":false},"_border_color":"#999999"},"elements":[],"isInner":false,"widgetType":"heading","elType":"widget"},{"id":"685f0e85","settings":{"shortcode":"[contact-form-7 id=\"996\" title=\"Newsletter Form\"]","_margin":{"unit":"px","top":"-15","right":"0","bottom":"0","left":"0","isLinked":false}},"elements":[],"isInner":false,"widgetType":"shortcode","elType":"widget"}],"isInner":true,"elType":"column"}],"isInner":true,"elType":"section"},{"id":"45103f98","settings":{"border_width":{"unit":"px","top":"0","right":"0","bottom":"1","left":"0","isLinked":false},"border_color":"#999999","padding":{"unit":"px","top":"68","right":"60","bottom":"60","left":"60","isLinked":false},"background_background":"classic","background_color":"#FFFFFFBD","background_overlay_background":"classic","background_overlay_color":"#FFFFFFE3","_element_id":"partners-wrap"},"elements":[{"id":"3a896c3c","settings":{"_column_size":100,"_inline_size":100,"padding":{"unit":"px","top":"0","right":"10","bottom":"0","left":"10","isLinked":false},"_inline_size_tablet":50,"padding_tablet":{"unit":"px","top":"50","right":"30","bottom":"0","left":"30","isLinked":false},"padding_mobile":{"unit":"px","top":"50","right":"0","bottom":"0","left":"0","isLinked":false},"_element_id":"footer-logo"},"elements":[{"id":"6c266d16","settings":{"wp_gallery":[{"id":827,"url":"http:\/\/localhost\/traveller\/wp-content\/uploads\/2021\/03\/partners1.png"},{"id":828,"url":"http:\/\/localhost\/traveller\/wp-content\/uploads\/2021\/03\/partners2.png"},{"id":829,"url":"http:\/\/localhost\/traveller\/wp-content\/uploads\/2021\/03\/partners3.png"},{"id":830,"url":"http:\/\/localhost\/traveller\/wp-content\/uploads\/2021\/03\/partners4.png"},{"id":831,"url":"http:\/\/localhost\/traveller\/wp-content\/uploads\/2021\/03\/partners5.png"},{"id":845,"url":"http:\/\/localhost\/traveller\/wp-content\/uploads\/2021\/03\/partner6.png"}],"_element_id":"partners-footer-logo"},"elements":[],"isInner":false,"widgetType":"image-gallery","elType":"widget"}],"isInner":true,"elType":"column"}],"isInner":true,"elType":"section"},{"id":"9caae78","settings":{"structure":"20","padding":{"unit":"px","top":"7","right":"0","bottom":"7","left":"0","isLinked":false},"margin":{"unit":"px","top":"0","right":0,"bottom":"0","left":0,"isLinked":false}},"elements":[{"id":"38e60af4","settings":{"_column_size":50,"_inline_size":null,"padding":{"unit":"px","top":"10","right":"0","bottom":"0","left":"0","isLinked":false},"content_position":"center"},"elements":[{"id":"45d8106e","settings":{"ekit_heading_title":"\u00a9 2019 Nepal Explore Summit Trek Pvt. Ltd. All Rights Reserved.","ekit_heading_title_tag":"p","ekit_heading_sub_title":"Time has changed","ekit_heading_show_seperator":"","ekit_heading_title_color":"#000000","ekit_heading_title_margin":{"unit":"px","top":"0","right":"0","bottom":"0","left":"0","isLinked":true},"ekit_heading_title_typography_typography":"custom","ekit_heading_title_typography_font_size":{"unit":"px","size":16,"sizes":[]},"ekit_heading_title_align_mobile":"text_center","ekit_heading_seperator_image":{"id":"262","url":"http:\/\/localhost\/traveller\/wp-content\/uploads\/2021\/02\/placeholder.png"},"shadow_text_content":"bussiness","ekit_heading_title_typography_font_family":"Nunito Sans"},"elements":[],"isInner":false,"widgetType":"elementskit-heading","elType":"widget"}],"isInner":true,"elType":"column"},{"id":"7bfd02ca","settings":{"_column_size":50,"_inline_size":null,"content_position":"center","padding":{"unit":"px","top":"15","right":"10","bottom":"10","left":"10","isLinked":false}},"elements":[{"id":"79770beb","settings":{"editor":"<p>Designed &amp; Developed by:<br \/><strong><span style=\"color: #8ab61e;\">Codewing Solutions<\/span><\/strong><\/p>","align":"right","typography_typography":"custom","typography_font_family":"Nunito Sans","typography_font_size":{"unit":"px","size":16,"sizes":[]},"typography_font_weight":"400"},"elements":[],"isInner":false,"widgetType":"text-editor","elType":"widget"}],"isInner":true,"elType":"column"}],"isInner":true,"elType":"section"}],"isInner":false,"elType":"column"}],"isInner":false,"elType":"section"}],"page_settings":{"eael_ext_toc_title":"Table of Contents","template":"elementor_header_footer"}}